--inserti tabele ZAPOSLENI

insert into Nagrade_sankcije_obuka.Zaposleni(z_jbmg,z_ime,z_prezime,z_pol,z_dat_rodj,z_adresa,z_grad,z_drzv,z_broj_tel,z_email,z_datum_zap,z_plt)
values(1302001798944,'Sandra','Lazarevic','z','2001-02-13','Dr Sime Milosevica','Novi Sad','R. Srbija','066/5193312','sandra.lazarevic123@gmail.com',
'2019-06-20',50000);
insert into Nagrade_sankcije_obuka.Zaposleni(z_jbmg,z_ime,z_prezime,z_pol,z_dat_rodj,z_adresa,z_grad,z_drzv,z_broj_tel,z_email,z_datum_zap,z_plt)
values(21080008877,'Marija','Petrovic','z','2000-08-21','Novosadskog sajma','Novi Sad','R. Srbija','065/5244236','mpetrovic@gmail.com',
'2019-05-18',55000);
insert into Nagrade_sankcije_obuka.Zaposleni(z_jbmg,z_ime,z_prezime,z_pol,z_dat_rodj,z_adresa,z_grad,z_drzv,z_broj_tel,z_email,z_datum_zap,z_plt)
values(2904000645211,'Andreja','Vukovic','z','2000-04-29','Kolo srpskih sestara','Prijedor','R. Srpska','064/3124111','andreja.vukovic.pd@gmail.com',
'2019-06-22',50000);
insert into Nagrade_sankcije_obuka.Zaposleni(z_jbmg,z_ime,z_prezime,z_pol,z_dat_rodj,z_adresa,z_grad,z_drzv,z_broj_tel,z_email,z_datum_zap,z_plt)
values(2507000662133,'Ljubica','Jovicic','z','2000-07-25','Maksima Gorkog 5','Novi Sad','R. Srbija','063/1877412','ljjovicic12@gmail.com',
'2019-07-05',52000);
insert into Nagrade_sankcije_obuka.Zaposleni(z_jbmg,z_ime,z_prezime,z_pol,z_dat_rodj,z_adresa,z_grad,z_drzv,z_broj_tel,z_email,z_datum_zap,z_plt)
values(1005000889147,'Natasa','Jovanovic','z','2000-05-10','Bulevar Cara Lazara','Novi Sad','R. Srbija','065/2556641','natasajo@gmail.com',
'2019-11-12',50000);
insert into Nagrade_sankcije_obuka.Zaposleni(z_jbmg,z_ime,z_prezime,z_pol,z_dat_rodj,z_adresa,z_grad,z_drzv,z_broj_tel,z_email,z_datum_zap,z_plt)
values(1408000654532,'Sanja','Tica','z','2000-08-14','Bulevar Cara Lazara','Trebinje','R. Srpska','065/3210255','sanjatica80@gmail.com',
'2019-07-02',53000);
insert into Nagrade_sankcije_obuka.Zaposleni(z_jbmg,z_ime,z_prezime,z_pol,z_dat_rodj,z_adresa,z_grad,z_drzv,z_broj_tel,z_email,z_datum_zap,z_plt)
values(1402001745412,'Anja','Janjusevic','z','2001-02-14','Bulevar Cara Lazara','Novi Sad','R. Srbija','066/4183341','anjaj14@gmail.com',
'2020-05-01',55000);
insert into Nagrade_sankcije_obuka.Zaposleni(z_jbmg,z_ime,z_prezime,z_pol,z_dat_rodj,z_adresa,z_grad,z_drzv,z_broj_tel,z_email,z_datum_zap,z_plt)
values(2508000745431,'Nikolina','Bodo','z','2000-08-25','Kisacka 10','Novi Sad','R. Srbija','064/4125564','nbodo25@gmail.com',
'2020-07-10',60000);
insert into Nagrade_sankcije_obuka.Zaposleni(z_jbmg,z_ime,z_prezime,z_pol,z_dat_rodj,z_adresa,z_grad,z_drzv,z_broj_tel,z_email,z_datum_zap,z_plt)
values(2304000322554,'Emilija','Ljubisavljevic','z','2000-04-24','Fruskogorska 5','Novi Sad','R. Srbija','066/14778789','ema.emica@gmail.com',
'2020-07-25',60000);
insert into Nagrade_sankcije_obuka.Zaposleni(z_jbmg,z_ime,z_prezime,z_pol,z_dat_rodj,z_adresa,z_grad,z_drzv,z_broj_tel,z_email,z_datum_zap,z_plt)
values(1001001322554,'Andrea','Ilic','z','2001-01-10','Bulevar Evrope','Novi Sad','R. Srbija','064/4127787','ailic@gmail.com',
'2021-02-02',65000);
insert into Nagrade_sankcije_obuka.Zaposleni(z_jbmg,z_ime,z_prezime,z_pol,z_dat_rodj,z_adresa,z_grad,z_drzv,z_broj_tel,z_email,z_datum_zap,z_plt)
values(2905000366487,'Irena','Jovic','z','2000-05-29','Zmaj Jovina 5','Trebinje','R. Srpska','066/1447755','iirena@gmail.com',
'2021-02-05',60000);
insert into Nagrade_sankcije_obuka.Zaposleni(z_jbmg,z_ime,z_prezime,z_pol,z_dat_rodj,z_adresa,z_grad,z_drzv,z_broj_tel,z_email,z_datum_zap,z_plt)
values(1402998886645,'Milan','Adamovic','z','1998-02-14','Sarajevska 10','Beograd','R. Srbija','065/223364','adamm@gmail.com',
'2019-01-10',80000);
insert into Nagrade_sankcije_obuka.Zaposleni(z_jbmg,z_ime,z_prezime,z_pol,z_dat_rodj,z_adresa,z_grad,z_drzv,z_broj_tel,z_email,z_datum_zap,z_plt)
values(0103997744523,'Lazar','Filipovic','z','1997-03-01','Bulevar Oslobodjenja','Novi Sad','R. Srbija','061/12332165','lazar.f01@gmail.com',
'2019-03-13',80000);
insert into Nagrade_sankcije_obuka.Zaposleni(z_jbmg,z_ime,z_prezime,z_pol,z_dat_rodj,z_adresa,z_grad,z_drzv,z_broj_tel,z_email,z_datum_zap,z_plt)
values(0505985656544,'Marko','Rakic','z','1985-05-05','Kisacka 10','Novi Sad','R. Srbija','064/8274652','mrakic0505@gmail.com',
'2015-04-17',100000);
insert into Nagrade_sankcije_obuka.Zaposleni(z_jbmg,z_ime,z_prezime,z_pol,z_dat_rodj,z_adresa,z_grad,z_drzv,z_broj_tel,z_email,z_datum_zap,z_plt)
values(1810980798955,'Lenka','Lolic','z','1980-10-18','Petra Drapsina 8','Novi Sad','R. Srbija','066/5236647','llolic@gmail.com',
'2015-01-10',120000);
insert into Nagrade_sankcije_obuka.Zaposleni(z_jbmg,z_ime,z_prezime,z_pol,z_dat_rodj,z_adresa,z_grad,z_drzv,z_broj_tel,z_email,z_datum_zap,z_plt)
values(1706973455564,'Mirko','Jankovic','z','1973-06-17','Bulevar Oslobodjenja','Novi Sad','R. Srbija','064/12347896','mirketa@gmail.com',
'2011-05-04',200000);
insert into Nagrade_sankcije_obuka.Zaposleni(z_jbmg,z_ime,z_prezime,z_pol,z_dat_rodj,z_adresa,z_grad,z_drzv,z_broj_tel,z_email,z_datum_zap,z_plt)
values(0707972989974,'Aleksandar','Mirkovic','m','1972-07-07','Dr Sime Milosevica','Novi Sad','R. Srbija','061/65414786','acamirko@gmail.com',
'2010-03-07',200000);
insert into Nagrade_sankcije_obuka.Zaposleni(z_jbmg,z_ime,z_prezime,z_pol,z_dat_rodj,z_adresa,z_grad,z_drzv,z_broj_tel,z_email,z_datum_zap,z_plt)
values(2506969744555,'Luka','Grbic','m','1969-06-25','Aksentija Protica','Bijeljina','R. Srpska','062/8246631','l_grbic@gmail.com',
'2007-05-12',250000);
insert into Nagrade_sankcije_obuka.Zaposleni(z_jbmg,z_ime,z_prezime,z_pol,z_dat_rodj,z_adresa,z_grad,z_drzv,z_broj_tel,z_email,z_datum_zap,z_plt)
values(1002965233114,'Radivoje','Drobnjak','m','1965-02-10','Rumenacka 14','Novi Sad','R. Srbija','063/1477892','drrade@gmail.com',
'2006-04-01',255000);
insert into Nagrade_sankcije_obuka.Zaposleni(z_jbmg,z_ime,z_prezime,z_pol,z_dat_rodj,z_adresa,z_grad,z_drzv,z_broj_tel,z_email,z_datum_zap,z_plt)
values(0604968322114,'Cveta','Adamovic','z','1968-04-06','Temerinska 4','Novi Sad','R. Srbija','065/96331244','cvetaadam@gmail.com',
'2006-04-10',250000);
insert into Nagrade_sankcije_obuka.Zaposleni(z_jbmg,z_ime,z_prezime,z_pol,z_dat_rodj,z_adresa,z_grad,z_drzv,z_broj_tel,z_email,z_datum_zap,z_plt)
values(1611967111247,'Dusan','Perisin','z','1967-11-16','Temerinski put','Novi Sad','R. Srbija','066/4467789','dule.p@gmail.com',
'2005-11-10',300000);
insert into Nagrade_sankcije_obuka.Zaposleni(z_jbmg,z_ime,z_prezime,z_pol,z_dat_rodj,z_adresa,z_grad,z_drzv,z_broj_tel,z_email,z_datum_zap,z_plt)
values(2309965100275,'Miroslav','Mirkovic','m','1965-09-23','Kolo Srpskih sestara','Novi Sad','R. Srbija','061/2314489','mmirkovic@gmail.com',
'2004-07-16',400000);
insert into Nagrade_sankcije_obuka.Zaposleni(z_jbmg,z_ime,z_prezime,z_pol,z_dat_rodj,z_adresa,z_grad,z_drzv,z_broj_tel,z_email,z_datum_zap,z_plt)
values(1001000366452,'Petar','Rakovic','m','2000-01-10','Sarajevksa','Beograd','R. Srbija','063/2564123','petarr@gmail.com',
'2021-10-05',55000);
insert into Nagrade_sankcije_obuka.Zaposleni(z_jbmg,z_ime,z_prezime,z_pol,z_dat_rodj,z_adresa,z_grad,z_drzv,z_broj_tel,z_email,z_datum_zap,z_plt)
values(0801989798544,'Luka','Derikonjic','m','1989-01-08','Valterova','Nis','R. Srbija','063/2364178','luka.dr@gmail.com',
'2022-06-01',65000);
insert into Nagrade_sankcije_obuka.Zaposleni(z_jbmg,z_ime,z_prezime,z_pol,z_dat_rodj,z_adresa,z_grad,z_drzv,z_broj_tel,z_email,z_datum_zap,z_plt)
values(2504996584233,'Sara','Mirkovic','z','1996-04-25','Generala Misica 2','Kragujevac','R. Srbija','065/94315722','smirkov@gmail.com',
'2021-08-01',70000);



--insert tabele TIP SANKCIJE
insert into Nagrade_sankcije_obuka.Tip_sankcije(id_tip_sankcije,opis_tipa_sankcije,iznos_sankcije)
values(1,'Ukidanje slobodnih dana','7 dana');
insert into Nagrade_sankcije_obuka.Tip_sankcije(id_tip_sankcije,opis_tipa_sankcije,iznos_sankcije)
values(2,'Odbijanje od plate','5000');
insert into Nagrade_sankcije_obuka.Tip_sankcije(id_tip_sankcije,opis_tipa_sankcije,iznos_sankcije)
values(3,'Prekovremeni rad','2 sata');
insert into Nagrade_sankcije_obuka.Tip_sankcije(id_tip_sankcije,opis_tipa_sankcije)
values(4,'Ukor(opomena)');
insert into Nagrade_sankcije_obuka.Tip_sankcije(id_tip_sankcije,opis_tipa_sankcije,iznos_sankcije)
values(5,'Smanjenje bonusa','10%');
insert into Nagrade_sankcije_obuka.Tip_sankcije(id_tip_sankcije,opis_tipa_sankcije,iznos_sankcije)
values(6,'Suspenzija sa posla','3 dana');


--insert tabele TIP OBUKE
insert into Nagrade_sankcije_obuka.Tip_obuke(id_tip_obuke,opis_tipa_obuke)
values(1,'Seminar-oblik nastave s prakticnim vezbama radi ucvrscivanja i produbljivanja vec stecenog znanja');
insert into Nagrade_sankcije_obuka.Tip_obuke(id_tip_obuke,opis_tipa_obuke)
values(2,'Poslovni treninzi-kurs strucnog usavrsavanja, po pravilu, vrlo kratak, bogat razlièitim oblicima i metodama nastave, osmisljen za obuku zaposlenih i menadzmenta kompanije.')
insert into Nagrade_sankcije_obuka.Tip_obuke(id_tip_obuke,opis_tipa_obuke)
values(3,'Menadzerske igre-kompjuterske igre u kojima postoje timovi menadzera koji se takmice jedni sa drugima u simuliranju trzista.Svi timovi
predstavljaju jedni drugima konkurente i kada se donose zakljuci oni mogu da uvide koliko su
zapravo uticali jedni na druge donosenjem odredjenih odluka');
insert into Nagrade_sankcije_obuka.Tip_obuke(id_tip_obuke,opis_tipa_obuke)
values(4,'Studija slucaja-metodom studije slucaja se omogucava analiziranje konkretnog organizacionog problema,
donesenje zakljucaka i resavanje istog');
insert into Nagrade_sankcije_obuka.Tip_obuke(id_tip_obuke,opis_tipa_obuke)
values(5,'Centar za usavrsavanje zaposlenih-okviru kompanije postaje sve modernije, predstavlja spoj klasicnog predavanja(predavanja
i seminari) i drugih tehnika, kao sto je simuliranje poslovnih situacija');
insert into Nagrade_sankcije_obuka.Tip_obuke(id_tip_obuke,opis_tipa_obuke)
values(6,'Kurs-niz predavanja, casova nekog predmeta');


--insert tabele TIP ZAHTEVA ZA ODSUSTVO
insert into Nagrade_sankcije_obuka.Tip_zahteva_za_odsustvo(id_tip_zahteva_ods,opis_tipa_zahteva_ods)
values(1,'Zahtev za bolovanje');
insert into Nagrade_sankcije_obuka.Tip_zahteva_za_odsustvo(id_tip_zahteva_ods,opis_tipa_zahteva_ods)
values(2,'Zahtev za porodiljskim odsustvom');
insert into Nagrade_sankcije_obuka.Tip_zahteva_za_odsustvo(id_tip_zahteva_ods,opis_tipa_zahteva_ods)
values(3,'Zahtev za odsustvo zbog sklapanja braka');
insert into Nagrade_sankcije_obuka.Tip_zahteva_za_odsustvo(id_tip_zahteva_ods,opis_tipa_zahteva_ods)
values(4,'Zahtev za godisnji odmor');
insert into Nagrade_sankcije_obuka.Tip_zahteva_za_odsustvo(id_tip_zahteva_ods,opis_tipa_zahteva_ods)
values(5,'Zahtev za odsustvo radi smrtnog slucaja')
insert into Nagrade_sankcije_obuka.Tip_zahteva_za_odsustvo(id_tip_zahteva_ods,opis_tipa_zahteva_ods)
values(6,'Zahtev za odsustvoo radi edukacije')
insert into Nagrade_sankcije_obuka.Tip_zahteva_za_odsustvo(id_tip_zahteva_ods,opis_tipa_zahteva_ods)
values(7,'Zahtev za odsustvo sa rada radi nege deteta')
insert into Nagrade_sankcije_obuka.Tip_zahteva_za_odsustvo(id_tip_zahteva_ods,opis_tipa_zahteva_ods)
values(8,'Zahtev za neplaceno odsustvo')



--insert tabele TIP NAGRADE
insert into Nagrade_sankcije_obuka.Tip_nagrade(id_tip_nagrade,opis_tipa_nagrade,vrsta,oznaka)
values(1,'Osnovna plata-obracunava se na osnovu broja radnih sati ili je fiksna bez obzira na broj sati','i','direktna');
insert into Nagrade_sankcije_obuka.Tip_nagrade(id_tip_nagrade,opis_tipa_nagrade,vrsta,oznaka)
values(2,'Bonusi-dobijaju se na osnovu seniorata, individualnog ucinka, ostvarenog profita ili drugih mera uspeha.','i','direktna');
insert into Nagrade_sankcije_obuka.Tip_nagrade(id_tip_nagrade,opis_tipa_nagrade,vrsta,oznaka)
values(3,'Zdravstevno osiguranje-sluzi kao potpuno ili delimicno pokrivanje troskova odredjene usluge,leka ili medicinskog sredstva','i','indirektna');
insert into Nagrade_sankcije_obuka.Tip_nagrade(id_tip_nagrade,opis_tipa_nagrade,vrsta,oznaka)
values(4,'Socijalno osiguranje-oblik socijalne politike i socijalne zastite kojim se zaposlenima i clanovima njihovih porodica garantuje materijalno obezbedjenje i zdravstvena zastita. .','i','indirektna');
insert into Nagrade_sankcije_obuka.Tip_nagrade(id_tip_nagrade,opis_tipa_nagrade,vrsta,oznaka)
values(5,'Penziono osiguranje-omogucava korisnicima da na osnovu uplate doprinosa i
prinosa na investirana sredstva doprinosa,posle predvidjenog broja godina, kada je njihova zaradjivacka sposobnost niska imaju redovna primanja na osovu kojih 
bi odrzali zadovoljavajucci nivo svog zivotnog standarda','i','indirektna');
insert into Nagrade_sankcije_obuka.Tip_nagrade(id_tip_nagrade,opis_tipa_nagrade,vrsta,oznaka)
values(6,'Bonovi za rucak','i','indirektna');
insert into Nagrade_sankcije_obuka.Tip_nagrade(id_tip_nagrade,opis_tipa_nagrade,vrsta,oznaka)
values(7,'Vauceri-kartice sa popustima za kupovinu u odredjenim radnjama','i','indirektna');
insert into Nagrade_sankcije_obuka.Tip_nagrade(id_tip_nagrade,opis_tipa_nagrade,vrsta,oznaka)
values(8,'Putovanje-placeno putovanje na odabranu destinaciju za clanove porodice','g','indirektna');
insert into Nagrade_sankcije_obuka.Tip_nagrade(id_tip_nagrade,opis_tipa_nagrade,vrsta,oznaka)
values(9,'Premije-zaposleni koji rade u neuobicajeno vreme po smenama ili iskljucivo nocu, dobijaju novcane premije kao kompenzaciju za takav rad','g','indirektna');
 
--insert tabele HR MENADZER
insert into Nagrade_sankcije_obuka.Hr_menadzer
values(12);
insert into Nagrade_sankcije_obuka.Hr_menadzer
values(13);
insert into Nagrade_sankcije_obuka.Hr_menadzer
values(2);
insert into Nagrade_sankcije_obuka.Hr_menadzer
values(3);
insert into Nagrade_sankcije_obuka.Hr_menadzer
values(4);
insert into Nagrade_sankcije_obuka.Hr_menadzer
values(5);

--insert tabele PROJEKTNI MENADZER

insert into Nagrade_sankcije_obuka.Projektni_menadzer
values(15);
insert into Nagrade_sankcije_obuka.Projektni_menadzer
values(16);
insert into Nagrade_sankcije_obuka.Projektni_menadzer
values(17);
insert into Nagrade_sankcije_obuka.Projektni_menadzer
values(18);
insert into Nagrade_sankcije_obuka.Projektni_menadzer
values(19);
insert into Nagrade_sankcije_obuka.Projektni_menadzer
values(20);
insert into Nagrade_sankcije_obuka.Projektni_menadzer
values(21);
insert into Nagrade_sankcije_obuka.Projektni_menadzer
values(22);

--insert tabele RADNIK
insert into Nagrade_sankcije_obuka.Radnik
values(1);
insert into Nagrade_sankcije_obuka.Radnik
values(6);
insert into Nagrade_sankcije_obuka.Radnik
values(7);
insert into Nagrade_sankcije_obuka.Radnik
values(8);
insert into Nagrade_sankcije_obuka.Radnik
values(9);
insert into Nagrade_sankcije_obuka.Radnik
values(10);
insert into Nagrade_sankcije_obuka.Radnik
values(11);
insert into Nagrade_sankcije_obuka.Radnik
values(14);


 --insert tabele STATUS
insert into Nagrade_sankcije_obuka.Status(id_status,opis_statusa)
values(1,'Odobren');
insert into Nagrade_sankcije_obuka.Status(id_status,opis_statusa)
values(2,'U procesu obrade');
insert into Nagrade_sankcije_obuka.Status(id_status,opis_statusa)
values(3,'Odbijen');
insert into Nagrade_sankcije_obuka.Status(id_status,opis_statusa)
values(4,'Postoji prethodni zahtev'); --Može biti jedan ili više zahteva. Tada trebate da saèekate da se reši prethodni zahtev, stavi pravosnažnost pa tek tada se stièu uslovi za sledeci zahtev. 
insert into Nagrade_sankcije_obuka.Status(id_status,opis_statusa)
values(5,'Ulozena zalba');
insert into Nagrade_sankcije_obuka.Status(id_status,opis_statusa)
values(6,'Na cekanju');


 --insert tabele SANKCIJA
insert into Nagrade_sankcije_obuka.Sankcija
(datum_od_sprovodjenja,datum_do_sprovodjenja,id_zaposlenog,id_tip_sankcije)
values('2022-03-14',dateadd(day, 7, '2022-03-14'),10,1);
insert into Nagrade_sankcije_obuka.Sankcija
(datum_od_sprovodjenja,datum_do_sprovodjenja,id_zaposlenog,id_tip_sankcije)
values('2022-04-25',dateadd(day, 7, '2022-04-25'),11,1);
insert into Nagrade_sankcije_obuka.Sankcija
(datum_od_sprovodjenja,datum_do_sprovodjenja,id_zaposlenog,id_tip_sankcije)
values('2022-04-25 17:00:00',dateadd(hour, 2, '2022-04-25 17:00:00'),11,3);
insert into Nagrade_sankcije_obuka.Sankcija
(datum_od_sprovodjenja,datum_do_sprovodjenja,id_zaposlenog,id_tip_sankcije)
values('2022-05-21 17:00:00',dateadd(hour, 2, '2022-05-21 17:00:00'),1,3);
insert into Nagrade_sankcije_obuka.Sankcija
(id_zaposlenog,id_tip_sankcije)
values(6,2);
insert into Nagrade_sankcije_obuka.Sankcija
(id_zaposlenog,id_tip_sankcije)
values(11,2);
insert into Nagrade_sankcije_obuka.Sankcija
(id_zaposlenog,id_tip_sankcije)
values(12,2);
insert into Nagrade_sankcije_obuka.Sankcija
(id_zaposlenog,id_tip_sankcije)
values(23,2);
insert into Nagrade_sankcije_obuka.Sankcija
(id_zaposlenog,id_tip_sankcije)
values(6,2);
insert into Nagrade_sankcije_obuka.Sankcija
(id_zaposlenog,id_tip_sankcije)
values(6,2);
insert into Nagrade_sankcije_obuka.Sankcija
(id_zaposlenog,id_tip_sankcije)
values(14,5);
insert into Nagrade_sankcije_obuka.Sankcija
(datum_od_sprovodjenja,datum_do_sprovodjenja,id_zaposlenog,id_tip_sankcije)
values('2022-05-05 17:00:00',dateadd(hour, 2, '2022-05-05 17:00:00'),5,3);
insert into Nagrade_sankcije_obuka.Sankcija
(datum_od_sprovodjenja,datum_do_sprovodjenja,id_zaposlenog,id_tip_sankcije)
values('2022-06-06',dateadd(day, 3, '2022-06-06'),9,6);
insert into Nagrade_sankcije_obuka.Sankcija
(datum_od_sprovodjenja,datum_do_sprovodjenja,id_zaposlenog,id_tip_sankcije)
values('2022-06-09',dateadd(day, 3, '2022-06-09'),3,6);
insert into Nagrade_sankcije_obuka.Sankcija
(id_zaposlenog,id_tip_sankcije)
values(6,4);
insert into Nagrade_sankcije_obuka.Sankcija
(id_zaposlenog,id_tip_sankcije)
values(7,4);
insert into Nagrade_sankcije_obuka.Sankcija
(id_zaposlenog,id_tip_sankcije)
values(20,5);
insert into Nagrade_sankcije_obuka.Sankcija
(id_zaposlenog,id_tip_sankcije)
values(21,5);
insert into Nagrade_sankcije_obuka.Sankcija
(datum_od_sprovodjenja,datum_do_sprovodjenja,id_zaposlenog,id_tip_sankcije)
values('2022-03-15',dateadd(day, 3, '2022-03-15'),5,6);



--insert tebele NAGRADA
insert into Nagrade_sankcije_obuka.Nagrada(iznos_nagrade,datum_dobijanja_nagrade,id_zaposlenog,id_tip_nagrade)
values('5000din','2022-01-05',2,2);
insert into Nagrade_sankcije_obuka.Nagrada(iznos_nagrade,datum_dobijanja_nagrade,id_zaposlenog,id_tip_nagrade)
values('3000din','2022-01-05',1,2);
insert into Nagrade_sankcije_obuka.Nagrada(iznos_nagrade,datum_dobijanja_nagrade,id_zaposlenog,id_tip_nagrade)
values('5000din','2022-01-05',3,2);
insert into Nagrade_sankcije_obuka.Nagrada(iznos_nagrade,datum_dobijanja_nagrade,id_zaposlenog,id_tip_nagrade)
values('30000din','2016-01-01',14,3);
insert into Nagrade_sankcije_obuka.Nagrada(iznos_nagrade,datum_dobijanja_nagrade,id_zaposlenog,id_tip_nagrade)
values('30000din','2016-01-01',15,3);
insert into Nagrade_sankcije_obuka.Nagrada(iznos_nagrade,datum_dobijanja_nagrade,id_zaposlenog,id_tip_nagrade)
values('30000din','2016-01-01',16,3);
insert into Nagrade_sankcije_obuka.Nagrada(iznos_nagrade,datum_dobijanja_nagrade,id_zaposlenog,id_tip_nagrade)
values('30000din','2016-01-01',17,3);
insert into Nagrade_sankcije_obuka.Nagrada(iznos_nagrade,datum_dobijanja_nagrade,id_zaposlenog,id_tip_nagrade)
values('30000din','2016-01-01',18,3);
insert into Nagrade_sankcije_obuka.Nagrada(iznos_nagrade,datum_dobijanja_nagrade,id_zaposlenog,id_tip_nagrade)
values('30000din','2016-01-01',19,3);
insert into Nagrade_sankcije_obuka.Nagrada(iznos_nagrade,datum_dobijanja_nagrade,id_zaposlenog,id_tip_nagrade)
values('30000din','2016-01-01',20,3);
insert into Nagrade_sankcije_obuka.Nagrada(iznos_nagrade,datum_dobijanja_nagrade,id_zaposlenog,id_tip_nagrade)
values('30000din','2016-01-01',21,3);
insert into Nagrade_sankcije_obuka.Nagrada(iznos_nagrade,datum_dobijanja_nagrade,id_zaposlenog,id_tip_nagrade)
values('30000din','2016-01-01',22,3);

insert into Nagrade_sankcije_obuka.Nagrada(iznos_nagrade,datum_dobijanja_nagrade,id_zaposlenog,id_tip_nagrade)
values('150000din','2020-04-17',21,8);
insert into Nagrade_sankcije_obuka.Nagrada(iznos_nagrade,datum_dobijanja_nagrade,id_zaposlenog,id_tip_nagrade)
values('150000din','2020-04-17',22,8);
insert into Nagrade_sankcije_obuka.Nagrada(iznos_nagrade,datum_dobijanja_nagrade,id_zaposlenog,id_tip_nagrade)
values('60000din','2021-09-01',21,5);
insert into Nagrade_sankcije_obuka.Nagrada(iznos_nagrade,datum_dobijanja_nagrade,id_zaposlenog,id_tip_nagrade)
values('60000din','2021-09-01',22,5);

insert into Nagrade_sankcije_obuka.Nagrada(iznos_nagrade,datum_dobijanja_nagrade,id_zaposlenog,id_tip_nagrade)
values('10000din','2022-01-05',4,7);
insert into Nagrade_sankcije_obuka.Nagrada(iznos_nagrade,datum_dobijanja_nagrade,id_zaposlenog,id_tip_nagrade)
values('10000din','2022-01-05',5,7);
insert into Nagrade_sankcije_obuka.Nagrada(iznos_nagrade,datum_dobijanja_nagrade,id_zaposlenog,id_tip_nagrade)
values('10000din','2022-01-05',6,7);
insert into Nagrade_sankcije_obuka.Nagrada(iznos_nagrade,datum_dobijanja_nagrade,id_zaposlenog,id_tip_nagrade)
values('10000din','2022-01-05',7,7);
insert into Nagrade_sankcije_obuka.Nagrada(iznos_nagrade,datum_dobijanja_nagrade,id_zaposlenog,id_tip_nagrade)
values('10000din','2022-01-05',8,7);
insert into Nagrade_sankcije_obuka.Nagrada(iznos_nagrade,datum_dobijanja_nagrade,id_zaposlenog,id_tip_nagrade)
values('10000din','2022-01-05',9,7);
insert into Nagrade_sankcije_obuka.Nagrada(iznos_nagrade,datum_dobijanja_nagrade,id_zaposlenog,id_tip_nagrade)
values('10000din','2022-01-05',12,7);

--insert tabele OBUKA
insert into Nagrade_sankcije_obuka.Obuka(datum_poc_obuke,datum_zav_obuke,broj_casova,id_tip_obuke)
values('2021-10-22',dateadd(day, 3, '2021-10-22'),9,1);
insert into Nagrade_sankcije_obuka.Obuka(datum_poc_obuke,datum_zav_obuke,broj_casova,id_tip_obuke)
values('2021-11-10',dateadd(day, 5, '2021-11-10'),9,1);
insert into Nagrade_sankcije_obuka.Obuka(datum_poc_obuke,datum_zav_obuke,broj_casova,id_tip_obuke)
values('2022-03-05',dateadd(day, 2, '2022-03-05'),4,4);
insert into Nagrade_sankcije_obuka.Obuka(datum_poc_obuke,datum_zav_obuke,broj_casova,id_tip_obuke)
values('2022-04-05',dateadd(day, 3, '2022-04-05'),8,4);
insert into Nagrade_sankcije_obuka.Obuka(datum_poc_obuke,datum_zav_obuke,broj_casova,id_tip_obuke)
values('2022-04-15',dateadd(day, 1, '2022-04-15'),2,4);
insert into Nagrade_sankcije_obuka.Obuka(datum_poc_obuke,datum_zav_obuke,broj_casova,id_tip_obuke)
values('2022-05-01',dateadd(day, 30, '2022-05-01'),40,6);
insert into Nagrade_sankcije_obuka.Obuka(datum_poc_obuke,datum_zav_obuke,broj_casova,id_tip_obuke)
values('2022-07-01',dateadd(day, 15, '2022-07-01'),20,6);
insert into Nagrade_sankcije_obuka.Obuka(datum_poc_obuke,datum_zav_obuke,broj_casova,id_tip_obuke)
values('2022-03-03',dateadd(day, 3, '2022-03-03'),10,3);
insert into Nagrade_sankcije_obuka.Obuka(datum_poc_obuke,datum_zav_obuke,broj_casova,id_tip_obuke)
values('2022-03-15',dateadd(day, 7, '2022-03-15'),30,1);
insert into Nagrade_sankcije_obuka.Obuka(datum_poc_obuke,datum_zav_obuke,broj_casova,id_tip_obuke)
values('2022-08-01',dateadd(day, 7, '2022-08-01'),30,1);
insert into Nagrade_sankcije_obuka.Obuka(datum_poc_obuke,datum_zav_obuke,broj_casova,id_tip_obuke)
values('2021-03-01',dateadd(day, 7, '2021-03-01'),10,5);

--insert tabele ZAHTEV ZA ODSUSTVO
insert into Nagrade_sankcije_obuka.Zahtev_za_odsustvo(datum_poc_ods,datum_zav_ods,prioritet,id_zaposlenog,id_status,id_tip_zahteva_ods,hr_menadzer)
values('2019-06-01',dateadd(year,1, '2019-06-01'),2,2,1,2,12);
insert into Nagrade_sankcije_obuka.Zahtev_za_odsustvo(datum_poc_ods,datum_zav_ods,prioritet,id_zaposlenog,id_status,id_tip_zahteva_ods,hr_menadzer)
values('2018-04-08',dateadd(week,2, '2018-04-08'),2,2,1,3,12);
insert into Nagrade_sankcije_obuka.Zahtev_za_odsustvo(datum_poc_ods,datum_zav_ods,prioritet,id_zaposlenog,id_status,id_tip_zahteva_ods,hr_menadzer)
values('2021-02-10',dateadd(week,1, '2021-02-10'),1,2,1,7,12);
insert into Nagrade_sankcije_obuka.Zahtev_za_odsustvo(datum_poc_ods,datum_zav_ods,prioritet,id_zaposlenog,id_status,id_tip_zahteva_ods,hr_menadzer)
values('2020-11-29',dateadd(week,1, '2020-11-29'),3,15,1,7,12);
insert into Nagrade_sankcije_obuka.Zahtev_za_odsustvo(datum_poc_ods,datum_zav_ods,prioritet,id_zaposlenog,id_status,id_tip_zahteva_ods,hr_menadzer)
values('2022-05-20',dateadd(week,1, '2022-05-20'),8,11,2,1,13);
insert into Nagrade_sankcije_obuka.Zahtev_za_odsustvo(datum_poc_ods,datum_zav_ods,prioritet,id_zaposlenog,id_status,id_tip_zahteva_ods,hr_menadzer)
values('2022-05-18',dateadd(week,1, '2022-05-18'),9,8,2,1,13);
insert into Nagrade_sankcije_obuka.Zahtev_za_odsustvo(datum_poc_ods,datum_zav_ods,id_zaposlenog,id_status,id_tip_zahteva_ods,hr_menadzer)
values('2020-11-29',dateadd(week,3, '2020-11-29'),13,1,4,12);
insert into Nagrade_sankcije_obuka.Zahtev_za_odsustvo(datum_poc_ods,datum_zav_ods,prioritet,id_zaposlenog,id_status,id_tip_zahteva_ods,hr_menadzer)
values('2020-05-18',dateadd(week,2, '2020-11-9'),5,22,1,1,12);
insert into Nagrade_sankcije_obuka.Zahtev_za_odsustvo(datum_poc_ods,datum_zav_ods,prioritet,id_zaposlenog,id_status,id_tip_zahteva_ods,hr_menadzer)
values('2022-05-20',dateadd(week,2, '2022-05-20'),7,5,2,1,13);
insert into Nagrade_sankcije_obuka.Zahtev_za_odsustvo(datum_poc_ods,datum_zav_ods,id_zaposlenog,id_status,id_tip_zahteva_ods,hr_menadzer)
values('2022-05-25',dateadd(week,3, '2022-05-25'),5,4,4,13);
insert into Nagrade_sankcije_obuka.Zahtev_za_odsustvo(datum_poc_ods,datum_zav_ods,prioritet,id_zaposlenog,id_status,id_tip_zahteva_ods,hr_menadzer)
values('2022-05-25',dateadd(week,3, '2022-05-25'),1,5,4,1,13);

--insert tabele OBAVLJA

insert into Nagrade_sankcije_obuka.Obavlja(postignuti_rez,id_zaposlenog,id_tip_obuke,rb_obuke)
values(95,1,1,1);
insert into Nagrade_sankcije_obuka.Obavlja(postignuti_rez,id_zaposlenog,id_tip_obuke,rb_obuke)
values(91,17,1,1);
insert into Nagrade_sankcije_obuka.Obavlja(postignuti_rez,id_zaposlenog,id_tip_obuke,rb_obuke)
values(98,6,1,1);
insert into Nagrade_sankcije_obuka.Obavlja(postignuti_rez,id_zaposlenog,id_tip_obuke,rb_obuke)
values(96,7,1,1);
insert into Nagrade_sankcije_obuka.Obavlja(postignuti_rez,id_zaposlenog,id_tip_obuke,rb_obuke)
values(90,8,1,1);
insert into Nagrade_sankcije_obuka.Obavlja(postignuti_rez,id_zaposlenog,id_tip_obuke,rb_obuke)
values(93,9,1,1);
insert into Nagrade_sankcije_obuka.Obavlja(postignuti_rez,id_zaposlenog,id_tip_obuke,rb_obuke)
values(90,1,1,2);



insert into Nagrade_sankcije_obuka.Obavlja(postignuti_rez,id_zaposlenog,id_tip_obuke,rb_obuke)
values(88,18,1,2);
insert into Nagrade_sankcije_obuka.Obavlja(postignuti_rez,id_zaposlenog,id_tip_obuke,rb_obuke)
values(83,10,1,2);
insert into Nagrade_sankcije_obuka.Obavlja(postignuti_rez,id_zaposlenog,id_tip_obuke,rb_obuke)
values(71,11,1,2);
insert into Nagrade_sankcije_obuka.Obavlja(postignuti_rez,id_zaposlenog,id_tip_obuke,rb_obuke)
values(79,14,1,2);

insert into Nagrade_sankcije_obuka.Obavlja(postignuti_rez,id_zaposlenog,id_tip_obuke,rb_obuke)
values(97,2,3,8);
insert into Nagrade_sankcije_obuka.Obavlja(postignuti_rez,id_zaposlenog,id_tip_obuke,rb_obuke)
values(97,3,3,8);
insert into Nagrade_sankcije_obuka.Obavlja(postignuti_rez,id_zaposlenog,id_tip_obuke,rb_obuke)
values(97,4,3,8);
insert into Nagrade_sankcije_obuka.Obavlja(postignuti_rez,id_zaposlenog,id_tip_obuke,rb_obuke)
values(97,20,3,8);
insert into Nagrade_sankcije_obuka.Obavlja(postignuti_rez,id_zaposlenog,id_tip_obuke,rb_obuke)
values(97,21,3,8);

insert into Nagrade_sankcije_obuka.Obavlja(postignuti_rez,id_zaposlenog,id_tip_obuke,rb_obuke)
values(100,15,4,3);
insert into Nagrade_sankcije_obuka.Obavlja(postignuti_rez,id_zaposlenog,id_tip_obuke,rb_obuke)
values(100,12,4,3);
insert into Nagrade_sankcije_obuka.Obavlja(postignuti_rez,id_zaposlenog,id_tip_obuke,rb_obuke)
values(100,13,4,3);
insert into Nagrade_sankcije_obuka.Obavlja(postignuti_rez,id_zaposlenog,id_tip_obuke,rb_obuke)
values(100,1,4,3);
insert into Nagrade_sankcije_obuka.Obavlja(postignuti_rez,id_zaposlenog,id_tip_obuke,rb_obuke)
values(100,6,4,3);
insert into Nagrade_sankcije_obuka.Obavlja(postignuti_rez,id_zaposlenog,id_tip_obuke,rb_obuke)
values(100,8,4,3);
insert into Nagrade_sankcije_obuka.Obavlja(postignuti_rez,id_zaposlenog,id_tip_obuke,rb_obuke)
values(100,9,4,3);
insert into Nagrade_sankcije_obuka.Obavlja(postignuti_rez,id_zaposlenog,id_tip_obuke,rb_obuke)
values(94,8,1,2);
insert into Nagrade_sankcije_obuka.Obavlja(postignuti_rez,id_zaposlenog,id_tip_obuke,rb_obuke)
values(93,20,1,2);
insert into Nagrade_sankcije_obuka.Obavlja(postignuti_rez,id_zaposlenog,id_tip_obuke,rb_obuke)
values(98,20,1,1);
insert into Nagrade_sankcije_obuka.Obavlja(postignuti_rez,id_zaposlenog,id_tip_obuke,rb_obuke)
values(95,20,4,3);
insert into Nagrade_sankcije_obuka.Obavlja(postignuti_rez,id_zaposlenog,id_tip_obuke,rb_obuke)
values(93,20,4,4);
insert into Nagrade_sankcije_obuka.Obavlja(postignuti_rez,id_zaposlenog,id_tip_obuke,rb_obuke)
values(82,20,4,5);


insert into Nagrade_sankcije_obuka.Obavlja(postignuti_rez,id_zaposlenog,id_tip_obuke,rb_obuke)
values(93,12,1,2);
insert into Nagrade_sankcije_obuka.Obavlja(postignuti_rez,id_zaposlenog,id_tip_obuke,rb_obuke)
values(98,12,1,1);
insert into Nagrade_sankcije_obuka.Obavlja(postignuti_rez,id_zaposlenog,id_tip_obuke,rb_obuke)
values(95,12,1,10);
insert into Nagrade_sankcije_obuka.Obavlja(postignuti_rez,id_zaposlenog,id_tip_obuke,rb_obuke)
values(93,12,4,4);
insert into Nagrade_sankcije_obuka.Obavlja(postignuti_rez,id_zaposlenog,id_tip_obuke,rb_obuke)
values(82,12,4,5);
insert into Nagrade_sankcije_obuka.Obavlja(postignuti_rez,id_zaposlenog,id_tip_obuke,rb_obuke)
values(82,12,4,5);


insert into Nagrade_sankcije_obuka.Obavlja(postignuti_rez,id_zaposlenog,id_tip_obuke,rb_obuke)
values(100,21,1,2);
insert into Nagrade_sankcije_obuka.Obavlja(postignuti_rez,id_zaposlenog,id_tip_obuke,rb_obuke)
values(96,21,1,1);
insert into Nagrade_sankcije_obuka.Obavlja(postignuti_rez,id_zaposlenog,id_tip_obuke,rb_obuke)
values(98,21,1,10);
insert into Nagrade_sankcije_obuka.Obavlja(postignuti_rez,id_zaposlenog,id_tip_obuke,rb_obuke)
values(93,21,4,4);
insert into Nagrade_sankcije_obuka.Obavlja(postignuti_rez,id_zaposlenog,id_tip_obuke,rb_obuke)
values(91,21,4,5);
insert into Nagrade_sankcije_obuka.Obavlja(postignuti_rez,id_zaposlenog,id_tip_obuke,rb_obuke)
values(93,21,6,6);
insert into Nagrade_sankcije_obuka.Obavlja(postignuti_rez,id_zaposlenog,id_tip_obuke,rb_obuke)
values(91,21,6,7);

insert into Nagrade_sankcije_obuka.Obavlja(postignuti_rez,id_zaposlenog,id_tip_obuke,rb_obuke)
values(100,22,1,2);
insert into Nagrade_sankcije_obuka.Obavlja(postignuti_rez,id_zaposlenog,id_tip_obuke,rb_obuke)
values(96,22,1,1);
insert into Nagrade_sankcije_obuka.Obavlja(postignuti_rez,id_zaposlenog,id_tip_obuke,rb_obuke)
values(98,22,1,10);
insert into Nagrade_sankcije_obuka.Obavlja(postignuti_rez,id_zaposlenog,id_tip_obuke,rb_obuke)
values(93,22,4,4);
insert into Nagrade_sankcije_obuka.Obavlja(postignuti_rez,id_zaposlenog,id_tip_obuke,rb_obuke)
values(91,22,4,5);
insert into Nagrade_sankcije_obuka.Obavlja(postignuti_rez,id_zaposlenog,id_tip_obuke,rb_obuke)
values(93,22,6,6);
insert into Nagrade_sankcije_obuka.Obavlja(postignuti_rez,id_zaposlenog,id_tip_obuke,rb_obuke)
values(91,22,6,7);
insert into Nagrade_sankcije_obuka.Obavlja(postignuti_rez,id_zaposlenog,id_tip_obuke,rb_obuke)
values(91,22,3,8);



insert into Nagrade_sankcije_obuka.Obavlja(postignuti_rez,id_zaposlenog,id_tip_obuke,rb_obuke)
values(93,14,1,2);
insert into Nagrade_sankcije_obuka.Obavlja(postignuti_rez,id_zaposlenog,id_tip_obuke,rb_obuke)
values(98,14,1,1);
insert into Nagrade_sankcije_obuka.Obavlja(postignuti_rez,id_zaposlenog,id_tip_obuke,rb_obuke)
values(95,14,1,10);
insert into Nagrade_sankcije_obuka.Obavlja(postignuti_rez,id_zaposlenog,id_tip_obuke,rb_obuke)
values(93,14,4,4);
insert into Nagrade_sankcije_obuka.Obavlja(postignuti_rez,id_zaposlenog,id_tip_obuke,rb_obuke)
values(82,14,4,5);
insert into Nagrade_sankcije_obuka.Obavlja(postignuti_rez,id_zaposlenog,id_tip_obuke,rb_obuke)
values(82,14,4,5);
insert into Nagrade_sankcije_obuka.Obavlja(postignuti_rez,id_zaposlenog,id_tip_obuke,rb_obuke)
values(82,14,3,8);
